patron_id,first_name,last_name,date_of_birth
100,Jamiya,Downs,1979-03-28
101,Camryn,George,1993-07-26
102,Amya,Rivera,1967-09-28
103,Arely,Huang,2003-03-18
104,Denisse,Andersen,1978-12-06
105,Kaleb,Barrera,1961-10-09
106,Dahlia,Meadows,1999-06-11
107,Brian,Bush,1960-03-25
108,Andre,Davila,1992-02-16
109,Marilyn,Combs,1988-10-20
110,Dakota,Nolan,1989-03-01
111,Lillianna,Robbins,1972-07-08
112,Saniyah,Strickland,1986-02-24
113,Judith,Walton,1988-06-07
114,Diamond,Chapman,1990-10-31
115,Amari,Pratt,1967-12-03
116,Justice,Jacobson,1995-10-27
117,Miguel,Yates,1977-12-15
118,Natalie,Nichols,1972-10-12
119,Riley,Reese,1992-06-15
120,Tiara,Santos,1959-12-24
121,Laura,Berry,1968-10-03
122,Triston,Osborn,1964-10-27
123,Taniya,Gentry,1964-11-21
124,Penelope,West,1997-12-05
125,Anika,Stephenson,1985-01-09
126,Erika,Massey,1989-02-01
127,Cristian,Bauer,1964-12-08
128,Helen,Hancock,1965-10-31
129,Darnell,Spears,1967-12-21
130,Zoie,Kramer,1981-03-16
131,Brennen,Stone,2003-12-14
132,Brandon,Mcdonald,1988-05-03
133,Xzavier,Macdonald,1968-07-04
134,Aubrey,Bryant,1987-02-18
135,Charity,Braun,1997-02-13
136,Zachariah,Sexton,1993-10-11
137,Darius,Herrera,1966-09-12
138,Ace,Mcconnell,2003-08-04
139,Kane,Tyler,1965-01-06
140,Tiara,Santos,1981-03-16
